TP_FUNDO_CLASSE,CNPJ_FUNDO_CLASSE,ID_SUBCLASSE,DT_COMPTC,VL_TOTAL,VL_QUOTA,VL_PATRIM_LIQ,CAPTC_DIA,RESG_DIA,NR_COTST
FI,43.917.493/0001-31,,2025-04-01,555462536.48,1.505213500000,555262319.76,2540013.26,0.00,8261
FI,43.917.493/0001-31,,2025-04-02,559117617.63,1.505960600000,558906202.15,3368290.54,0.00,8304
FI,43.917.493/0001-31,,2025-04-03,560304306.05,1.506857300000,557811822.47,2267727.71,3694900.51,8327
FI,43.917.493/0001-31,,2025-04-04,561014868.81,1.507719800000,560246231.29,2649848.57,534701.95,8364
FI,43.917.493/0001-31,,2025-04-07,563056801.63,1.508585900000,560403551.02,2603697.13,2768216.64,8377
FI,43.917.493/0001-31,,2025-04-08,563536818.15,1.509333800000,563477635.45,2796232.65,0.00,8415
FI,43.917.493/0001-31,,2025-04-09,567415156.77,1.510002200000,567344612.71,3617444.29,0.00,8474
CLASSES - FIF,43.917.493/0001-31,,2025-04-10,573137976.52,1.510808000000,572299068.93,5408627.22,756925.63,8519
CLASSES - FIF,43.917.493/0001-31,,2025-04-11,577987783.19,1.511551600000,577148550.19,5313544.05,745715.08,8562
CLASSES - FIF,43.917.493/0001-31,,2025-04-14,578101405.40,1.512521800000,576230110.58,1764637.50,3053537.53,8562
CLASSES - FIF,43.917.493/0001-31,,2025-04-15,579919002.36,1.515078200000,579802317.83,2598272.87,0.00,8615
CLASSES - FIF,43.917.493/0001-31,,2025-04-16,582309194.18,1.516025200000,582180847.16,2016128.06,0.00,8660
CLASSES - FIF,43.917.493/0001-31,,2025-04-17,585052102.57,1.516908000000,582791302.16,2392190.74,2120743.85,8691
CLASSES - FIF,43.917.493/0001-31,,2025-04-22,586625367.11,1.517513100000,584010220.79,3450735.63,2464285.07,8697
CLASSES - FIF,43.917.493/0001-31,,2025-04-23,586928500.93,1.518419000000,586765872.83,2407009.82,0.00,8741
CLASSES - FIF,43.917.493/0001-31,,2025-04-24,588974384.33,1.519353600000,587724174.81,1672907.28,1075760.04,8769
CLASSES - FIF,43.917.493/0001-31,,2025-04-25,591489159.22,1.520102800000,589979221.95,3288887.60,1323647.42,8800
CLASSES - FIF,43.917.493/0001-31,,2025-04-28,592370421.41,1.520919200000,591479298.32,1876148.89,692948.23,8826
CLASSES - FIF,43.917.493/0001-31,,2025-04-29,594183569.29,1.521766400000,593973479.75,2164739.53,0.00,8878
CLASSES - FIF,43.917.493/0001-31,,2025-04-30,597973647.76,1.522683500000,597751594.17,3420141.50,0.00,8909
CLASSES - FIF,43.917.493/0001-31,,2025-05-02,603703908.85,1.523448100000,602561718.53,5418075.80,908097.95,8946
CLASSES - FIF,43.917.493/0001-31,,2025-05-05,602979854.95,1.524224900000,600687367.20,2044399.59,4225986.06,8963
CLASSES - FIF,43.917.493/0001-31,,2025-05-06,604881431.35,1.525122500000,604623108.11,3581964.20,0.00,9021
CLASSES - FIF,43.917.493/0001-31,,2025-05-07,609155785.50,1.525886900000,608925764.77,3999640.59,0.00,9066
CLASSES - FIF,43.917.493/0001-31,,2025-05-08,604436377.26,1.526834200000,603560317.41,778351.31,6521855.40,9060
CLASSES - FIF,43.917.493/0001-31,,2025-05-09,608189010.56,1.527782200000,607019890.93,4226431.96,1141582.92,9090
CLASSES - FIF,43.917.493/0001-31,,2025-05-12,612975890.16,1.528674100000,610916202.12,5561858.14,2019929.73,9100
CLASSES - FIF,43.917.493/0001-31,,2025-05-13,613938637.85,1.529495300000,613886580.85,2642200.68,0.00,9152
CLASSES - FIF,43.917.493/0001-31,,2025-05-14,617950921.81,1.530357800000,617886507.32,3653770.52,0.00,9198
CLASSES - FIF,43.917.493/0001-31,,2025-05-15,620465134.82,1.531571700000,620388121.04,2410011.59,398526.61,9221
CLASSES - FIF,43.917.493/0001-31,,2025-05-16,624495890.08,1.532510100000,623449658.38,3638395.95,956972.17,9244
CLASSES - FIF,43.917.493/0001-31,,2025-05-19,625744193.10,1.533246400000,623782911.42,1893169.99,1859475.86,9252
CLASSES - FIF,43.917.493/0001-31,,2025-05-20,628779037.22,1.534233800000,628664678.49,4480070.63,0.00,9280
CLASSES - FIF,43.917.493/0001-31,,2025-05-21,630878091.71,1.535126200000,630751083.32,1720726.90,0.00,9307
CLASSES - FIF,43.917.493/0001-31,,2025-05-22,633003275.96,1.536528400000,632201819.12,1536370.28,661757.49,9309
CLASSES - FIF,43.917.493/0001-31,,2025-05-23,637227608.39,1.537399100000,636305297.77,4515139.96,769891.61,9324
CLASSES - FIF,43.917.493/0001-31,,2025-05-26,637665594.66,1.538289400000,636360846.70,1138625.22,1451569.21,9323
CLASSES - FIF,43.917.493/0001-31,,2025-05-27,638226519.79,1.539296800000,638048497.92,1270906.33,0.00,9347
CLASSES - FIF,43.917.493/0001-31,,2025-05-28,640692267.53,1.540167300000,640501410.27,2092076.14,0.00,9367
CLASSES - FIF,43.917.493/0001-31,,2025-05-29,643015521.75,1.541087600000,641678966.58,1927645.29,1132813.96,9379
CLASSES - FIF,43.917.493/0001-31,,2025-05-30,644942985.39,1.541800400000,640067980.34,2750594.98,4658356.62,9411
FI,37.910.132/0001-60,,2025-04-01,497086593.43,1.529906370000,497106061.51,0.00,1928499.05,638067
FI,37.910.132/0001-60,,2025-04-02,498544287.41,1.530716380000,498563757.26,2794621.79,1600120.36,640479
FI,37.910.132/0001-60,,2025-04-03,497140164.08,1.531534470000,497159635.84,7586.89,1678164.66,637519
FI,37.910.132/0001-60,,2025-04-04,498274339.96,1.532341690000,498293808.28,2492418.18,1620281.64,639386
FI,37.910.132/0001-60,,2025-04-07,497462902.16,1.533159660000,497489890.53,1545456.61,2615366.54,637782
FI,37.910.132/0001-60,,2025-04-08,497491514.59,1.533960220000,497518507.91,1505261.67,1736416.72,637855
FI,37.910.132/0001-60,,2025-04-09,495832673.32,1.534758900000,495859662.20,0.00,1917884.43,634790
FI,37.910.132/0001-60,,2025-04-10,494365449.57,1.535547000000,494392438.55,0.00,1721849.92,631978
FI,37.910.132/0001-60,,2025-04-11,498232141.81,1.536317250000,498259131.96,5079362.09,1460660.92,637558
FI,37.910.132/0001-60,,2025-04-14,501640647.18,1.537104320000,501667641.20,5398852.44,2245608.56,643080
FI,37.910.132/0001-60,,2025-04-15,502528871.65,1.537891040000,502555865.47,2660480.06,2029017.36,645611
FI,37.910.132/0001-60,,2025-04-16,501273319.17,1.538704790000,501300310.78,395604.91,1917080.03,643275
FI,37.910.132/0001-60,,2025-04-17,501162956.22,1.539515490000,501189947.42,975332.10,1349816.50,642686
FI,37.910.132/0001-60,,2025-04-22,498377581.67,1.540302560000,498405494.83,60.96,3040744.98,637491
FI,37.910.132/0001-60,,2025-04-23,499385113.53,1.541098050000,499413023.04,2377066.30,1626939.97,639678
FI,37.910.132/0001-60,,2025-04-24,501026001.16,1.541905390000,501053908.81,2932594.56,1553337.41,641777
FI,37.910.132/0001-60,,2025-04-25,500698604.86,1.542694580000,500726517.24,1186626.44,1770470.72,640783
FI,37.910.132/0001-60,,2025-04-28,505404774.96,1.543465180000,505433560.05,6475531.27,2018608.96,646017
FI,37.910.132/0001-60,,2025-04-29,507064747.54,1.544212000000,507095961.14,3038614.30,1620773.06,648951
FI,37.910.132/0001-60,,2025-04-30,506093609.01,1.544921640000,506122844.23,466952.63,1673103.02,646735
FI,37.910.132/0001-60,,2025-05-02,506902835.47,1.545712200000,506930834.60,2718512.28,2169513.96,648731
FI,37.910.132/0001-60,,2025-05-05,509118202.90,1.546502680000,509145962.87,4551419.91,2595538.61,651893
FI,37.910.132/0001-60,,2025-05-06,508713856.57,1.547300110000,508741118.85,1340713.85,2008089.98,650744
FI,37.910.132/0001-60,,2025-05-07,512537188.46,1.548105370000,512565248.92,5069955.13,1510589.01,655137
FI,37.910.132/0001-60,,2025-05-08,513526566.27,1.548924650000,513555580.44,1787274.03,1068198.28,656001
FI,37.910.132/0001-60,,2025-05-09,513376824.42,1.549795970000,513444358.71,1531335.66,1931449.52,655268
FI,37.910.132/0001-60,,2025-05-12,514188319.49,1.550671700000,514256167.37,2721282.61,2199602.83,655305
FI,37.910.132/0001-60,,2025-05-13,513309995.32,1.551529000000,513376830.77,773352.11,1936998.26,653110
FI,37.910.132/0001-60,,2025-05-14,517379176.48,1.552404880000,517445808.46,5474908.38,1695745.78,656752
FI,37.910.132/0001-60,,2025-05-15,515651836.35,1.553323800000,515718046.30,22024.48,2056079.47,652871
FI,37.910.132/0001-60,,2025-05-16,518360709.69,1.554246990000,518426776.24,4026388.08,1624164.86,655350
FI,37.910.132/0001-60,,2025-05-19,517236133.23,1.555134570000,517304025.47,1057423.93,2476231.00,652549
FI,37.910.132/0001-60,,2025-05-20,516826442.93,1.556018250000,516873822.52,1144206.34,1868359.62,651127
FI,37.910.132/0001-60,,2025-05-21,518601164.27,1.556883310000,518649295.75,3035278.31,1547159.61,652730
FI,37.910.132/0001-60,,2025-05-22,517960749.42,1.557750660000,518007394.87,604902.03,1535744.93,650981
FI,37.910.132/0001-60,,2025-05-23,517385842.71,1.558600870000,517432132.10,663020.51,1521009.39,649267
FI,37.910.132/0001-60,,2025-05-26,516825316.60,1.559446160000,516871965.13,1192765.71,2033554.71,648283
FI,37.910.132/0001-60,,2025-05-27,518870663.92,1.560298790000,518916208.25,3220494.65,1458852.38,650371
FI,37.910.132/0001-60,,2025-05-28,518096923.64,1.561129010000,518142100.48,286873.69,1337091.58,648214
FI,37.910.132/0001-60,,2025-05-29,517610587.02,1.561966460000,517655396.75,798458.36,1563113.21,646642
FI,37.910.132/0001-60,,2025-05-30,517240723.53,1.562743450000,513655994.53,1019729.70,5276638.52,645739
FI,30.830.162/0001-18,,2025-04-01,68342523.12,1.475948500000,68245985.86,1100.00,0.00,1596
FI,30.830.162/0001-18,,2025-04-02,68163151.55,1.471582300000,68044597.99,500.00,0.00,1596
FI,30.830.162/0001-18,,2025-04-03,69363043.30,1.499139600000,69319323.26,500.00,0.00,1597
FI,30.830.162/0001-18,,2025-04-04,68726900.17,1.487986600000,68669975.70,100.00,133735.27,1593
FI,30.830.162/0001-18,,2025-04-07,67928220.18,1.481830800000,67955265.99,17500.00,448123.62,1585
FI,30.830.162/0001-18,,2025-04-08,68894445.05,1.502480500000,68903439.27,1200.00,0.00,1585
FI,30.830.162/0001-18,,2025-04-09,69697810.00,1.521506200000,69661519.41,4000.00,118437.85,1579
FI,30.830.162/0001-18,,2025-04-10,68265626.41,1.502924000000,68278745.68,250.00,532243.24,1573
FI,30.830.162/0001-18,,2025-04-11,68684787.49,1.514293700000,68692450.64,0.00,102828.71,1570
FI,30.830.162/0001-18,,2025-04-14,68711986.30,1.518688900000,68672450.30,0.00,219375.11,1565
FI,30.830.162/0001-18,,2025-04-15,68859069.92,1.521322700000,68799167.42,7619.05,0.00,1566
FI,30.830.162/0001-18,,2025-04-16,67988457.44,1.513039600000,67965273.41,13710.64,473014.36,1563
FI,30.830.162/0001-18,,2025-04-17,68090368.86,1.522621300000,68091404.13,1055.35,305334.31,1556
FI,30.830.162/0001-18,,2025-04-22,67577018.25,1.530684800000,67599210.29,1000.00,853792.54,1549
FI,30.830.162/0001-18,,2025-04-23,67748684.31,1.538363500000,67730463.30,0.00,207856.50,1546
FI,30.830.162/0001-18,,2025-04-24,69867617.97,1.589701600000,69783052.19,16634.41,224341.89,1541
FI,30.830.162/0001-18,,2025-04-25,70067241.28,1.595869800000,69975471.98,10000.00,88345.59,1539
FI,30.830.162/0001-18,,2025-04-28,70120384.72,1.601476000000,70029883.36,3460.00,194866.24,1536
FI,30.830.162/0001-18,,2025-04-29,69984490.58,1.598142000000,69884194.40,100.00,0.00,1536
FI,30.830.162/0001-18,,2025-04-30,70852541.69,1.620278400000,70728032.69,0.00,124151.00,1532
FI,30.830.162/0001-18,,2025-05-02,70139067.15,1.613707000000,70040075.38,6658.00,407759.90,1528
FI,30.830.162/0001-18,,2025-05-05,69464727.49,1.609283500000,69409065.85,12816.96,451833.54,1523
FI,30.830.162/0001-18,,2025-05-06,69844548.19,1.617237500000,69755123.80,3000.00,0.00,1524
FI,30.830.162/0001-18,,2025-05-07,69906710.37,1.617561200000,69745954.48,3143.28,26277.45,1522
FI,30.830.162/0001-18,,2025-05-08,71615914.92,1.666517600000,71577201.11,22973.33,302624.57,1521
FI,30.830.162/0001-18,,2025-05-09,71691508.46,1.669018100000,71627916.09,0.00,56682.85,1520
FI,30.830.162/0001-18,,2025-05-12,70491894.47,1.644220400000,70142328.67,32700.00,454062.61,1516
FI,30.830.162/0001-18,,2025-05-13,72694061.71,1.694978700000,72660272.83,352598.21,0.00,1520
FI,30.830.162/0001-18,,2025-05-14,72206677.39,1.693770700000,72134553.56,10190.59,484128.39,1513
FI,30.830.162/0001-18,,2025-05-15,72364814.16,1.697113100000,72265876.19,4000.00,15023.03,1512
FI,30.830.162/0001-18,,2025-05-16,72721821.07,1.710018800000,72639567.34,25500.00,201353.02,1506
FI,30.830.162/0001-18,,2025-05-19,73461640.25,1.731410700000,73372809.92,2400.00,177863.02,1503
FI,30.830.162/0001-18,,2025-05-20,73922721.39,1.741376000000,73800565.13,5452.01,0.00,1505
FI,30.830.162/0001-18,,2025-05-21,72272924.78,1.702366200000,72157792.81,10487.77,0.00,1506
FI,30.830.162/0001-18,,2025-05-22,71838272.16,1.703389000000,71739050.23,3739.83,465834.35,1504
FI,30.830.162/0001-18,,2025-05-23,71973269.15,1.707913900000,71890100.78,37870.04,77390.52,1505
FI,30.830.162/0001-18,,2025-05-26,72537123.17,1.722711400000,72398870.01,19450.00,133542.81,1500
FI,30.830.162/0001-18,,2025-05-27,74093645.45,1.757633800000,73879822.46,13300.00,0.00,1503
FI,30.830.162/0001-18,,2025-05-28,73980733.45,1.758563600000,73809642.40,58500.00,167759.30,1505
FI,30.830.162/0001-18,,2025-05-29,73502969.77,1.750319000000,73348965.07,13699.00,128339.27,1503
FI,30.830.162/0001-18,,2025-05-30,72861503.91,1.737956500000,72706185.23,10181.00,134896.24,1501
CLASSES - FIF,12.282.747/0001-69,,2025-04-01,145063510.48,321.104578940000,144831031.68,0.00,0.00,114
CLASSES - FIF,12.282.747/0001-69,,2025-04-02,145914129.15,322.942228150000,145659885.11,0.00,0.00,114
CLASSES - FIF,12.282.747/0001-69,,2025-04-03,145022760.70,321.228643300000,144886989.68,0.00,0.00,114
CLASSES - FIF,12.282.747/0001-69,,2025-04-04,141648674.98,313.722658850000,141551489.88,50000.00,0.00,114
CLASSES - FIF,12.282.747/0001-69,,2025-04-07,141419581.62,313.482290820000,141357272.04,0.00,85763.92,113
CLASSES - FIF,12.282.747/0001-69,,2025-04-08,141554633.28,313.755254200000,141480358.29,0.00,0.00,113
CLASSES - FIF,12.282.747/0001-69,,2025-04-09,146658687.17,325.173892020000,146570817.43,500.00,59000.00,113
CLASSES - FIF,12.282.747/0001-69,,2025-04-10,145019621.63,321.803894020000,144926804.45,0.00,125000.00,113
CLASSES - FIF,12.282.747/0001-69,,2025-04-11,146582348.84,325.239818370000,146474198.83,0.00,0.00,113
CLASSES - FIF,12.282.747/0001-69,,2025-04-14,147955562.30,328.136104710000,147778563.17,0.00,0.00,113
CLASSES - FIF,12.282.747/0001-69,,2025-04-15,147379575.97,326.831427360000,147240991.91,50000.00,0.00,113
CLASSES - FIF,12.282.747/0001-69,,2025-04-16,145319074.84,322.354428380000,145172056.83,0.00,52000.00,113
CLASSES - FIF,12.282.747/0001-69,,2025-04-17,145960598.05,324.018556170000,145801495.44,0.00,120000.00,113
CLASSES - FIF,12.282.747/0001-69,,2025-04-22,145868192.48,323.782679280000,145695355.83,0.00,0.00,113
CLASSES - FIF,12.282.747/0001-69,,2025-04-23,148403274.52,329.187344990000,148127341.06,0.00,0.00,113
CLASSES - FIF,12.282.747/0001-69,,2025-04-24,150859979.32,334.744651540000,150661955.00,90000.00,56056.44,111
CLASSES - FIF,12.282.747/0001-69,,2025-04-25,152278739.24,337.866372260000,152066979.83,0.00,0.00,111
CLASSES - FIF,12.282.747/0001-69,,2025-04-28,152370551.09,338.038886340000,152144625.01,0.00,0.00,111
CLASSES - FIF,12.282.747/0001-69,,2025-04-29,152349232.13,337.964350430000,152111077.87,0.00,0.00,111
CLASSES - FIF,12.282.747/0001-69,,2025-04-30,152752304.28,339.192815460000,152508985.71,0.00,155000.00,111
CLASSES - FIF,12.282.747/0001-69,,2025-05-02,154270899.10,342.538972740000,154013495.92,0.00,0.00,111
CLASSES - FIF,12.282.747/0001-69,,2025-05-05,153672109.17,341.266924550000,153397583.57,0.00,43969.87,110
CLASSES - FIF,12.282.747/0001-69,,2025-05-06,152898003.28,339.963543360000,152811720.98,0.00,0.00,110
CLASSES - FIF,12.282.747/0001-69,,2025-05-07,153410180.01,341.068964300000,153308601.54,0.00,0.00,110
CLASSES - FIF,12.282.747/0001-69,,2025-05-08,156166726.23,347.244504840000,156084472.65,0.00,0.00,110
CLASSES - FIF,12.282.747/0001-69,,2025-05-09,154737346.89,344.283057340000,154674180.11,0.00,79138.37,109
CLASSES - FIF,12.282.747/0001-69,,2025-05-12,156727934.08,348.854523870000,156653478.06,500.00,75000.00,109
CLASSES - FIF,12.282.747/0001-69,,2025-05-13,158917784.97,353.670166210000,158815947.14,0.00,0.00,109
CLASSES - FIF,12.282.747/0001-69,,2025-05-14,158521295.65,352.752759600000,158403984.77,0.00,0.00,109
CLASSES - FIF,12.282.747/0001-69,,2025-05-15,159249951.86,354.489629470000,159121109.98,0.00,62817.97,108
CLASSES - FIF,12.282.747/0001-69,,2025-05-16,159289181.35,354.548510740000,159137540.23,0.00,10000.00,108
CLASSES - FIF,12.282.747/0001-69,,2025-05-19,160083834.12,356.278737870000,159909490.48,0.00,4654.59,107
CLASSES - FIF,12.282.747/0001-69,,2025-05-20,160309639.45,356.774231590000,160131884.18,0.00,0.00,107
CLASSES - FIF,12.282.747/0001-69,,2025-05-21,157657201.04,350.860889890000,157477784.01,0.00,0.00,107
CLASSES - FIF,12.282.747/0001-69,,2025-05-22,157355183.94,350.160077440000,157163236.58,0.00,0.00,107
CLASSES - FIF,12.282.747/0001-69,,2025-05-23,157459638.53,350.364276760000,157255387.88,500.00,0.00,107
CLASSES - FIF,12.282.747/0001-69,,2025-05-26,157990753.30,351.657236200000,157775711.99,0.00,60000.00,107
CLASSES - FIF,12.282.747/0001-69,,2025-05-27,160552979.16,357.325868000000,160319019.30,0.00,0.00,107
CLASSES - FIF,12.282.747/0001-69,,2025-05-28,160491043.36,357.152802340000,160241371.08,0.00,0.00,107
CLASSES - FIF,12.282.747/0001-69,,2025-05-29,160939190.43,358.120331660000,160675466.02,0.00,0.00,107
CLASSES - FIF,12.282.747/0001-69,,2025-05-30,159848385.81,355.667365660000,159574910.09,0.00,0.00,107
FI,34.462.109/0001-62,,2025-04-01,123229685.79,2.410221520000,123033684.20,16596.12,461299.55,4291
FI,34.462.109/0001-62,,2025-04-02,123905660.64,2.422314820000,123654643.21,3636.99,0.00,4291
FI,34.462.109/0001-62,,2025-04-03,124607520.84,2.440169930000,124571105.38,4992.21,0.00,4291
FI,34.462.109/0001-62,,2025-04-04,121616266.05,2.391645470000,121587007.97,4000.00,510915.34,4279
FI,34.462.109/0001-62,,2025-04-07,119567184.15,2.367547040000,119550043.37,542.83,812385.73,4254
FI,34.462.109/0001-62,,2025-04-08,120071699.68,2.380050100000,120031991.95,3941.28,153339.15,4246
FI,34.462.109/0001-62,,2025-04-09,123073864.70,2.438622860000,122986655.30,690.00,0.00,4246
FI,34.462.109/0001-62,,2025-04-10,121366580.82,2.404550460000,121286287.77,18000.00,0.00,4247
FI,34.462.109/0001-62,,2025-04-11,122746585.71,2.437271970000,122657510.97,0.00,279260.30,4237
FI,34.462.109/0001-62,,2025-04-14,123982030.65,2.480408760000,123884175.36,0.00,944226.02,4205
FI,34.462.109/0001-62,,2025-04-15,124546970.62,2.491454780000,124205340.56,0.00,230529.11,4194
FI,34.462.109/0001-62,,2025-04-16,123180616.06,2.462919810000,122782800.01,0.00,0.00,4194
FI,34.462.109/0001-62,,2025-04-17,124784060.57,2.499475990000,124650747.18,45528.84,0.00,4194
FI,34.462.109/0001-62,,2025-04-22,124101536.90,2.511308370000,123975310.68,0.00,1265526.16,4143
FI,34.462.109/0001-62,,2025-04-23,125726112.66,2.544013920000,125592079.71,2200.00,0.00,4144
FI,34.462.109/0001-62,,2025-04-24,128497681.35,2.604234760000,128565043.12,0.00,0.00,4144
FI,34.462.109/0001-62,,2025-04-25,129509439.88,2.619775590000,129260663.00,1716.17,73311.13,4137
FI,34.462.109/0001-62,,2025-04-28,129375052.09,2.627917630000,129084028.98,0.00,578365.49,4119
FI,34.462.109/0001-62,,2025-04-29,129584496.55,2.636057120000,129397668.56,38430.11,124604.29,4115
FI,34.462.109/0001-62,,2025-04-30,131153732.27,2.667422810000,130937334.37,0.00,0.00,4115
FI,34.462.109/0001-62,,2025-05-02,130898504.36,2.661580220000,130652735.99,2200.00,0.00,4115
FI,34.462.109/0001-62,,2025-05-05,129382374.37,2.642612290000,129281456.14,20500.00,460674.35,4097
FI,34.462.109/0001-62,,2025-05-06,128928460.71,2.633725060000,128696032.45,25000.00,175643.94,4093
FI,34.462.109/0001-62,,2025-05-07,129732092.57,2.649603180000,129474411.00,2500.00,0.00,4093
FI,34.462.109/0001-62,,2025-05-08,134127037.43,2.738881790000,133837062.84,0.00,0.00,4093
FI,34.462.109/0001-62,,2025-05-09,134415520.14,2.751857910000,134316288.27,10000.00,164860.15,4081
FI,34.462.109/0001-62,,2025-05-12,131607683.38,2.742682530000,131553605.02,25200.00,2340039.03,4049
FI,34.462.109/0001-62,,2025-05-13,133996411.06,2.795749100000,133924134.48,0.00,174824.67,4042
FI,34.462.109/0001-62,,2025-05-14,134438004.07,2.803804710000,134313320.84,3300.00,0.00,4042
FI,34.462.109/0001-62,,2025-05-15,135084174.66,2.817044900000,134958078.29,10500.00,0.00,4043
FI,34.462.109/0001-62,,2025-05-16,134657142.10,2.807949660000,134427954.93,3500.00,97891.31,4037
FI,34.462.109/0001-62,,2025-05-19,134901812.77,2.831576420000,134666246.19,0.00,892817.56,4005
FI,34.462.109/0001-62,,2025-05-20,134605482.84,2.833848400000,134403157.61,0.00,371141.41,3996
FI,34.462.109/0001-62,,2025-05-21,132113418.65,2.780588770000,131927510.90,50339.54,0.00,3996
FI,34.462.109/0001-62,,2025-05-22,132499440.77,2.783540500000,132083558.36,16000.00,0.00,3998
FI,34.462.109/0001-62,,2025-05-23,132069221.81,2.781032160000,131749289.95,0.00,215243.34,3987
FI,34.462.109/0001-62,,2025-05-26,132280595.49,2.796605010000,131922391.88,0.00,564650.11,3961
FI,34.462.109/0001-62,,2025-05-27,132483907.16,2.837392610000,132682116.99,0.00,1164321.30,3955
FI,34.462.109/0001-62,,2025-05-28,132423742.16,2.835632820000,132653125.64,53300.00,0.00,3955
FI,34.462.109/0001-62,,2025-05-29,132393320.82,2.821306620000,131982934.85,0.00,0.00,3955
FI,34.462.109/0001-62,,2025-05-30,131648755.91,2.805136280000,130800069.91,100.00,426503.31,3939
CLASSES - FIF,30.493.349/0001-73,,2025-04-01,959727611.01,195.150748000000,958109969.06,114509.38,0.00,21669
CLASSES - FIF,30.493.349/0001-73,,2025-04-02,962360935.59,195.577651800000,960662630.63,456739.63,0.00,21671
CLASSES - FIF,30.493.349/0001-73,,2025-04-03,975248160.35,198.165609100000,973436481.31,62000.00,0.00,21671
CLASSES - FIF,30.493.349/0001-73,,2025-04-04,979023109.40,198.902876100000,975846407.34,64300.00,1276004.60,21630
CLASSES - FIF,30.493.349/0001-73,,2025-04-07,976051899.48,198.841105500000,972485524.62,25672.92,3083499.72,21557
CLASSES - FIF,30.493.349/0001-73,,2025-04-08,970759357.66,198.355720100000,970209042.81,97425.05,0.00,21558
CLASSES - FIF,30.493.349/0001-73,,2025-04-09,967782712.80,197.731230900000,962589013.93,12455.00,4577945.89,21493
CLASSES - FIF,30.493.349/0001-73,,2025-04-10,964144968.41,197.902800200000,960662540.34,26940.00,2788642.22,21449
CLASSES - FIF,30.493.349/0001-73,,2025-04-11,962191388.97,198.049457100000,958779834.81,45677.13,2640286.81,21388
CLASSES - FIF,30.493.349/0001-73,,2025-04-14,963734131.88,198.891570200000,957247695.24,17246.34,5626150.77,21270
CLASSES - FIF,30.493.349/0001-73,,2025-04-15,959394846.20,199.132243000000,958456715.25,50682.97,0.00,21271
CLASSES - FIF,30.493.349/0001-73,,2025-04-16,963124122.33,199.880254100000,957996644.20,40725.46,4101098.63,21184
CLASSES - FIF,30.493.349/0001-73,,2025-04-17,959331646.09,199.922562000000,954702034.57,30442.19,3527827.31,21113
CLASSES - FIF,30.493.349/0001-73,,2025-04-22,958965965.92,200.557152800000,946948757.57,45218.49,10828894.43,20928
CLASSES - FIF,30.493.349/0001-73,,2025-04-23,945257153.96,199.935524500000,940695105.51,77552.04,3396129.87,20867
CLASSES - FIF,30.493.349/0001-73,,2025-04-24,946520805.93,200.877498600000,942115623.32,52264.62,3063727.84,20802
CLASSES - FIF,30.493.349/0001-73,,2025-04-25,941129192.90,200.357747700000,936400434.32,46505.03,3324062.11,20731
CLASSES - FIF,30.493.349/0001-73,,2025-04-28,940870326.30,200.981312800000,933384846.48,66000.00,5995907.79,20622
CLASSES - FIF,30.493.349/0001-73,,2025-04-29,936173847.31,201.238497100000,934606645.72,27400.00,0.00,20623
CLASSES - FIF,30.493.349/0001-73,,2025-04-30,939228470.67,201.853470800000,933858977.63,113459.78,3717234.27,20550
CLASSES - FIF,30.493.349/0001-73,,2025-05-02,927059526.20,199.990682500000,919395691.05,91785.73,5937030.61,20440
CLASSES - FIF,30.493.349/0001-73,,2025-05-05,918103580.21,199.256866600000,909753681.40,281179.80,6549696.35,20345
CLASSES - FIF,30.493.349/0001-73,,2025-05-06,915045640.70,199.988665200000,913172628.55,77750.00,0.00,20348
CLASSES - FIF,30.493.349/0001-73,,2025-05-07,915725903.58,200.101642800000,910737643.07,99486.16,3050341.35,20317
CLASSES - FIF,30.493.349/0001-73,,2025-05-08,911896365.79,200.262920700000,908280385.64,27000.00,3218293.64,20278
CLASSES - FIF,30.493.349/0001-73,,2025-05-09,908662068.11,200.246057600000,904984419.29,38604.57,3258089.07,20247
CLASSES - FIF,30.493.349/0001-73,,2025-05-12,899762029.50,198.976974900000,893246503.79,21400.00,6023871.76,20170
CLASSES - FIF,30.493.349/0001-73,,2025-05-13,893936206.36,198.953948500000,893373229.84,230096.00,0.00,20174
CLASSES - FIF,30.493.349/0001-73,,2025-05-14,890830399.06,198.240229600000,888242061.05,27709.16,1954028.86,20144
CLASSES - FIF,30.493.349/0001-73,,2025-05-15,892670366.05,199.051043000000,888645200.41,90093.83,3319913.12,20104
CLASSES - FIF,30.493.349/0001-73,,2025-05-16,891177361.51,199.390590300000,888511990.56,240020.00,1889107.57,20055
CLASSES - FIF,30.493.349/0001-73,,2025-05-19,891062574.94,199.752777800000,888071232.58,89261.35,2143976.98,20018
CLASSES - FIF,30.493.349/0001-73,,2025-05-20,889554080.16,199.870925700000,888635795.99,39295.44,0.00,20018
CLASSES - FIF,30.493.349/0001-73,,2025-05-21,886210913.46,199.092345700000,885221899.13,47707.57,0.00,20019
CLASSES - FIF,30.493.349/0001-73,,2025-05-22,885139589.19,198.822055200000,881840895.93,59788.01,2239002.00,19978
CLASSES - FIF,30.493.349/0001-73,,2025-05-23,887036729.39,199.727430100000,883483939.36,50000.00,2422590.40,19944
CLASSES - FIF,30.493.349/0001-73,,2025-05-26,884415779.32,199.651962300000,879109362.19,64947.68,4105697.18,19882
CLASSES - FIF,30.493.349/0001-73,,2025-05-27,881853542.86,199.975684300000,880582572.07,47794.38,0.00,19885
CLASSES - FIF,30.493.349/0001-73,,2025-05-28,881356882.43,199.826617500000,879155769.31,89485.64,859880.77,19862
CLASSES - FIF,30.493.349/0001-73,,2025-05-29,882671582.26,200.295141000000,880117457.05,42925.94,1142550.73,19834
CLASSES - FIF,30.493.349/0001-73,,2025-05-30,880936434.50,200.131722500000,870968957.92,56315.00,8485736.39,19816
